"UF";"Candidato_Eleito";"Votos";"N_Mun";"N_ZE";"G_Mun";"M_Mun";"M_MZE";"MZN";"Moran_I";"Moran_P"
"AC";"ALAN RICK";17903;1,45329534095148;3,9802765470119;0,12331600720054;0,492438886656603;0,345253738475071;2,76202990780057;-0,0723485905241598;0,8
"AC";"ANGELIM";39844;1,51148904003586;4,15687402837583;0,113205895331327;0,492438886656603;0,345253738475071;2,76202990780057;-0,0818939998459479;0,92
"AC";"CÉSAR MESSIAS";26448;6,6441886925805;5,49755741469319;0,0468015500371515;0,588403939923765;0,588403939923765;4,70723151939012;-0,135450917976424;0,8
"AC";"FLAVIANO MELO";18372;2,91958035316424;5,579634365999;0,0159818367501172;0,492438886656603;0,492438886656603;3,93951109325283;-0,000323094730363901;0,17
"AC";"JÉSSICA SALES";20339;3,87097789365443;1,55627822733445;0,333597458087609;0,117016713182672;0,117016713182672;0,93613370546138;0,219090915894187;0,01
"AC";"LÉO DO PT";20876;4,35551463382175;7,49128110771448;0,0114161332679014;0,531612784118676;0,531612784118676;4,25290227294941;-0,0273149401777734;0,33
"AC";"MAJOR ROCHA";23466;2,37851195546902;5,60738794611065;0,0332946188507157;0,492438886656603;0,492438886656603;3,93951109325283;-0,0181903560171988;0,23
"AC";"SIBÁ MACHADO";18395;4,6404558923655;7,16383123773247;0,0166886882823085;0,513650728147432;0,513650728147432;4,10920582517946;0,0138795029485308;0,11
"AL";"ARTHUR LIRA";98231;32,9199489701916;25,6673742682671;0,0752343187062623;0,395187511690255;0,1280675229129;1,1526077062161;0,269683123420793;0,01
"AL";"CICERO ALMEIDA";64435;1,66433703586697;5,12942746278608;0,255069781259599;0,276038094644305;0,144666126317102;1,30199513685392;0,00718412043634466;0,01
"AL";"GIVALDO CARIMBÃO";82582;20,0477339243629;22,5787156517665;0,036612483883193;0,428634110605399;0,375025718561008;3,37523146704907;-0,044583298054817;0,77
"AL";"JHC";135929;3,84952461301204;12,5042781039015;0,0563888697840326;0,276038094644305;0,276038094644305;2,48434285179874;-0,000417827255987172;0,17
"AL";"MARX BELTRÃO";123317;30,8323252442277;29,379245165604;0,0551906882010701;0,492945320780597;0,439809994388678;3,9582899494981;0,0873817198855691;0,09
"AL";"MAURICIO QUINTELLA";76706;18,6928729067287;27,9604008472141;0,0197190477538478;0,369740943949124;0,325504239665815;2,92953815699233;0,106477300866091;0,01
"AL";"PAULÃO";53284;12,0482911631103;21,4103088268231;0,0134823685290742;0,361286551530644;0,338259866575223;3,04433879917701;-0,0200006973765012;0,43
"AL";"PEDRO VILELA";119582;40,4363981252342;39,991173226368;0,0451559630016264;0,442546293409814;0,3917053743999;3,5253483695991;-0,0596530511313029;0,85
"AL";"RONALDO LESSA";88125;5,29775626495886;17,1872237699066;0,0229258987494949;0,345232714009601;0,342938306627595;3,08644475964835;-0,0261483687724478;0,83
"AP";"ANDRÉ ABDON";13798;2,03291040652377;3,84045934591676;0,0157732075424204;0,58879913927311;0,58879913927311;4,71039311418488;-0,127281548023567;0,88
"AP";"CABUÇU";18709;1,82400940662707;3,30045561013894;0,0296981738056187;0,58879913927311;0,58879913927311;4,71039311418488;-0,114249341539295;0,84
"AP";"JANETE";21108;1,92880236472626;3,50667060316215;0,0246937959569013;0,58879913927311;0,58879913927311;4,71039311418488;-0,131511957555323;0,95
"AP";"JOZI ROCHA";10007;3,02013312525569;3,55415831528009;0,134847054631828;0,743768016714621;0,492787880269847;3,94230304215877;0,112223730447964;0,05
"AP";"MARCOS REATEGUI";12485;3,1952207683741;4,3821536358497;0,0612935573160021;0,743768016714621;0,492787880269847;3,94230304215878;0,078164054195133;0,14
"AP";"PROFESSORA MARCIVÂNIA";16162;2,12601064360299;2,2411134114893;0,369549330267636;0,154968877441512;0,154968877441512;1,23975101953209;0,0658255240789661;0,05
"AP";"ROBERTO GÓES";22134;2,1213737082657;3,95541215681924;0,0130553428011885;0,58879913927311;0,58879913927311;4,71039311418488;-0,1241316116254;0,93
"AP";"VINÍCIUS GURGEL";18661;7,40588615736582;9,30562424774735;0,0970297358667608;0,689494404460131;0,689494404460131;5,51595523568105;-0,196141199539062;0,97
"AM";"ALFREDO NASCIMENTO";120060;5,57389768372305;36,3748255866613;0,0329927250803819;0,617699676620184;0,548296406926546;4,38637125541237;0,0109105529949447;0,15
"AM";"ARTUR BISNETO";250916;2,87249636447674;28,7980455975878;0,000987379503299225;0,578678725838656;0,50518273042815;4,0414618434252;-0,00380117415745321;0,17
"AM";"ATILA LINS";89453;24,9767062531901;37,2743030835789;0,217642598703167;0,675153597400142;0,174866754055067;1,39893403244054;-0,0605708874642728;0,73
"AM";"CONCEIÇÃO SAMPAIO";71878;1,86256886229241;18,7042299059748;0,0262602786651585;0,578678725838656;0,363841713752776;2,91073371002221;0,0191284394527051;0,01
"AM";"HISSA ABRAHÃO";113646;1,4285752881058;16,6938956731839;0,0680721032870928;0,578678725838656;0,376880746882382;3,01504597505905;-0,00171690101262247;0,04
"AM";"MARCOS ROTTA";117955;1,74913747453025;18,0705462691477;0,0343185722753603;0,578678725838656;0,392633093709637;3,1410647496771;-0,00838679657436829;0,23
"AM";"PAUDERNEY";103904;2,10840271819131;23,0746471560939;0,0129470893314584;0,578678725838656;0,415430569488201;3,32344455590561;-0,0122419577057673;0,29
"AM";"SILAS CAMARA";166281;6,03638892583814;42,1957674683178;0,035164282418837;0,647157045930189;0,595480374466776;4,76384299573421;-0,0118993412439492;0,4
"BA";"AFONSO FLORENCE";82661;38,0754956135958;40,3942284780195;0,0288896742607744;0,222689632588818;0,0371327689305795;1,4481779882926;0,0588810036765628;0,04
"BA";"ALELUIA";101924;20,5634372041984;49,246212742427;0,0121039643981257;0,229872737748963;0,146999241605043;5,73297042259666;0,0320495369233654;0,05
"BA";"ALICE PORTUGAL";72682;7,44248849498724;45,0067875082667;0,0423894585131689;0,202541266665006;0,10830053836514;4,22372099624045;0,015552743535263;0,06
"BA";"ANTONIO BRITO";159840;12,1754049620517;21,9261796541109;0,0581242345592846;0,201614543798772;0,0452375822228346;1,76426570669055;0,0750993437570196;0,01
"BA";"ARTHUR MAIA";95698;38,936712494757;26,340114894938;0,0417073523878455;0,208774414024139;0,0373303494550905;1,45588362874853;0,239054987502927;0,01
"BA";"BEBETO";96134;10,4261648281041;20,470602441095;0,0790642676769788;0,209777193691264;0,0525714637223267;2,05028708517074;0,0882689314106701;0,01
"BA";"BENITO GAMA";71372;29,8439550593353;48,4744268104119;0,0170278958020069;0,263862438488018;0,0844506300261214;3,29357457101873;0,0244748461378124;0,12
"BA";"CACÁ LEÃO";125605;28,6020171698696;24,1034574370562;0,0518648341838762;0,208311721222238;0,038358035635035;1,49596338976637;0,175580522383425;0,01
"BA";"CAETANO";125862;8,84945664158737;16,7100846648107;0,0898761940681442;0,199644923392414;0,0375861008954477;1,46585793492246;0,164456572874294;0,01
"BA";"CLAUDIO CAJADO";89118;51,6468675575712;37,9093756987169;0,0387414379868911;0,207835321480397;0,0365960252214386;1,4272449836361;0,178831601532855;0,01
"BA";"DANIEL ALMEIDA";135382;22,6457196944931;38,122212957776;0,0233095549421991;0,208844285986276;0,0693258575905773;2,70370844603251;0,0988604156273277;0,01
"BA";"ELMAR";88334;24,2718808179766;23,6465083994746;0,0524931722482433;0,209503054892449;0,0398756613389573;1,55515079221933;0,139143385196541;0,01
"BA";"ERIVELTON SANTANA";74836;25,7749629736363;80,8600079213666;0,00539882806103418;0,363987622967549;0,293924265145041;11,4630463406566;0,0669079132984399;0,04
"BA";"FELIX JR";130583;39,2885618337556;38,6232431792039;0,0369561425204757;0,205707904106918;0,044204212677549;1,72396429442441;0,0681231180564296;0,05
"BA";"IMBASSAHY";120479;1,8975283975645;29,0167005834452;0,307520377153588;0,172468574750713;0,100233168421015;3,90909356841959;0,017107072616196;0,01
"BA";"IRMÃO LAZARO";161438;12,1565533713566;66,3483547882669;0,0192988675989855;0,280102822108491;0,232875226227193;9,08213382286054;0,0478177974508339;0,02
"BA";"JOÃO BACELAR";111643;39,8662605428622;29,9587859461143;0,0449645658823785;0,211723746320647;0,042645967627216;1,66319273746142;0,186061551379568;0,01
"BA";"JOAO CARLOS BACELAR";95158;4,23241989157061;31,5494419633493;0,101958996010091;0,188581416966617;0,103901112117587;4,05214337258588;0,00486033302894289;0,06
"BA";"JOÃO GUALBERTO";117671;23,9224963246138;30,2038321911541;0,0310668608985581;0,271206182297956;0,0784635389547041;3,06007801923346;0,233613074714075;0,01
"BA";"JORGE SOLLA";125159;17,4362038089788;83,2954445607584;0,00820381382218302;0,27999567395603;0,227049275278983;8,85492173588033;0,0207531233240132;0,08
"BA";"JOSÉ CARLOS ARAUJO";72013;27,8838504849579;19,4916567469817;0,0525144091297412;0,20289547405201;0,0226457035178846;0,883182437197501;0,187653691727823;0,01
"BA";"JOSÉ NUNES";105776;19,2553391651546;12,5103198814607;0,0746824414492696;0,0249852441448368;0,0249852441448368;0,974424521648636;0,209516722140436;0,01
"BA";"JOSÉ ROCHA";101663;41,8509963146875;26,3774839006632;0,0414465288042425;0,201011271283576;0,0292340612108468;1,14012838722303;0,350668166603481;0,01
"BA";"JOSIAS GOMES";98871;33,5279697510973;26,9422825109505;0,0484376246954931;0,234465565575924;0,0521074336579943;2,03218991266178;0,11820032627366;0,01
"BA";"JUTAHY MAGALHÃES";108476;38,201851045863;51,2268705160488;0,0218464419711577;0,223529266239087;0,0629666732471108;2,45570025663732;0,0215080883587388;0,21
"BA";"LUCIO VIEIRA LIMA";222164;104,162326248511;71,9737508589646;0,0285332240228047;0,285879461504479;0,0963773393525749;3,75871623475042;0,0295196866796943;0,18
"BA";"MÁRCIO MARINHO";117470;4,62449908069119;48,0849133545405;0,0834893195024413;0,213256081911336;0,160787754554171;6,27072242761268;0,0484703581329265;0,01
"BA";"MÁRIO NEGROMONTE JR";169215;46,1561431001046;28,1758810092394;0,044737734808628;0,231363952519828;0,0488159293363779;1,90382124411874;0,237563504293377;0,01
"BA";"MOEMA GRAMACHO";81414;10,3555113565547;13,6938897864155;0,0637819692259867;0,191611152166924;0,0295391242034313;1,15202584393382;0,181082045374444;0,01
"BA";"PAULO AZI";110662;28,9618841525035;37,1677527911405;0,0262236471011796;0,22141873180383;0,059246576315644;2,31061647631012;0,146098687068372;0,01
"BA";"PAULO MAGALHÃES";77045;27,940140636821;32,5613830651914;0,031541425695467;0,219270085389223;0,0401187087861992;1,56462964266177;0,0550136277495757;0,06
"BA";"PELEGRINO";111252;5,3761351606732;44,2052815025406;0,0711702333205491;0,177093998349484;0,12971211581495;5,05877251678305;0,0517852125096231;0,01
"BA";"ROBERTO BRITTO";110822;43,812256414475;39,3769526706594;0,0392866251343622;0,274134954184554;0,0487301773828435;1,9004769179309;0,0953035431320843;0,01
"BA";"RONALDO CARLETTO";148628;60,7419256232245;43,6840547719774;0,0397106046461761;0,257371533794881;0,0656933513484859;2,56204070259095;0,151076569557887;0,01
"BA";"SÉRGIO BRITO";83658;24,5325664687038;15,3797583275724;0,0641188267129756;0,019639370410161;0,019639370410161;0,765935445996277;0,239687232460312;0,01
"BA";"TIA ERON";116912;2,95142786447334;31,0509456370091;0,168300078027134;0,172468574750717;0,109818498384669;4,2829214370021;0,063356586890021;0,01
"BA";"ULDURICO JUNIOR";39904;6,63763829434259;5,66873786768885;0,172801573315873;0,0159378279949536;0,0159378279949536;0,62157529180319;0,274255568708835;0,01
"BA";"VALMIR ASSUNÇÃO";123284;30,7849534574126;56,131566104243;0,0110364592602305;0,282836687995449;0,105167499641865;4,10153248603275;0,0493411318666405;0,02
"BA";"WALDENOR PEREIRA";114965;11,3283825170585;17,1165045912114;0,104510259064767;0,0375730625867234;0,0375730625867234;1,46534944088221;0,242655060737552;0,01
"CE";"ADAIL CARNEIRO";113885;11,5472990836152;21,9460021649459;0,0254235182546142;0,290944491581745;0,157501376642352;3,46503028613174;0,108840092697361;0,01
"CE";"ANDRÉ FIGUEIREDO";125360;10,1683027808647;43,2710572271988;0,0121752997316489;0,30711541709515;0,265267488354755;5,83588474380461;0,0274343328312559;0,08
"CE";"ANIBAL";173736;25,5102045060019;16,3986344851317;0,093697357977811;0,0594442162532745;0,059444216253274;1,30777275757203;0,282420827466386;0,01
"CE";"ARNON BEZERRA";84474;8,92537106468314;12,86343493989;0,129464350621092;0,307712045395719;0,0435323793276789;0,957712345208937;0,222993604700165;0,01
"CE";"BALMAN";87666;17,552534337015;19,8461219141403;0,0762494696927186;0,328848127616495;0,0624193627370149;1,37322598021433;0,0667989699258628;0,09
"CE";"CABO SABINO";120485;4,06560889917804;36,5998969015229;0,0504398238808766;0,300367371127788;0,255044107521014;5,61097036546231;0,0690455840402318;0,01
"CE";"CHICO LOPES";80578;3,93569999345187;30,0268368156597;0,0597039765773921;0,291967354338247;0,199607644437515;4,39136817762533;0,0864282660635178;0,01
"CE";"DANILO FORTE";180157;25,8725700875154;22,9535216115834;0,0606111608457541;0,347671900406048;0,0924199223883519;2,03323829254374;0,204054178971528;0,01
"CE";"DOMINGOS NETO";185226;29,8855349223537;33,3435479490784;0,0564975247830537;0,321443990393984;0,099844546847315;2,19658003064093;0,169005980259492;0,01
"CE";"GENECIAS NORONHA";221567;44,9709370164976;38,7723476515258;0,0823492529810021;0,0906310368640337;0,0906310368640337;1,99388281100874;0,132341714729757;0,02
"CE";"GORETE PEREIRA";130983;23,2694292981602;30,8658790401874;0,0512664950173847;0,339208672996723;0,0891167302770377;1,96056806609483;0,212316145655962;0,01
"CE";"JOSÉ AIRTON";94056;22,3985814361018;17,489560324143;0,0772599335429532;0,300048819585399;0,0379735924519018;0,835419033941839;0,224403232547543;0,01
"CE";"JOSÉ GUIMARÃES";209032;42,2824544145484;43,4443547623427;0,0638098911152576;0,380003757658979;0,128716809427727;2,83176980741;0,17583086462094;0,01
"CE";"LEONIDAS CRISTINO";91085;9,98494705975924;13,0268118038002;0,111227134336376;0,300351381089582;0,0407536105006585;0,896579431014487;0,140273977285138;0,01
"CE";"LUIZIANNE LINS";130717;1,77531545337757;21,4426681648491;0,234447269602081;0,266770551946138;0,170257179777;3,745657955094;0,0357668678290517;0,01
"CE";"MACEDO";107734;9,91730466878368;33,6625060357859;0,0120863425328183;0,366573874476202;0,214797681044709;4,72554898298361;0,045790713850837;0,06
"CE";"MORONI";277774;2,0767633064604;23,2491985158722;0,181904462116809;0,266770551946138;0,196966539845675;4,33326387660486;0,0618486860987304;0,01
"CE";"MOSES RODRIGUES";147044;15,2887952869194;23,4889747365955;0,0695742853737763;0,326696218256028;0,109532011556801;2,40970425424963;0,107601237147332;0,02
"CE";"ODORICO";121640;19,1989930976585;31,1783986054535;0,0326281229104428;0,336706981550495;0,10819284585703;2,38024260885465;0,00533966482778432;0,33
"CE";"RAIMUNDO MATOS";95145;12,049371788752;23,9907666524647;0,0418690486750515;0,311012489219216;0,11909955097974;2,62019012155429;0,222856137259614;0,01
"CE";"RONALDO MARTINS";117930;3,758590609025;33,0068716216158;0,0611455877134358;0,266770551946138;0,249611242196114;5,4914473283145;0,124127052044298;0,01
"CE";"VITOR VALIM";92499;2,57160335089237;24,3629292629175;0,126995517329483;0,266770551946138;0,208682240963881;4,59100930120539;0,113625940244894;0,01
"ES";"DR. JORGE SILVA";69880;4,31530035795519;3,58619747282338;0,23969483531257;0,0438029228770949;0,0438029228770949;0,438029228770949;0,175238825602786;0,01
"ES";"EVAIR DE MELO";48829;13,3194573541925;9,36311054255884;0,0963118576210682;0,0836947847114924;0,0836947847114924;0,836947847114924;0,50445992874187;0,01
"ES";"FOLETTO";88110;11,0166846567425;8,05071421469819;0,0865396356045454;0,292562138310924;0,0983247832042355;0,983247832042355;0,0845295403319216;0,01
"ES";"GIVALDO";50928;33,5548447312581;34,0393468032839;0,0243685192643724;0,476643225121106;0,257835783476263;2,57835783476263;0,233494334896462;0,01
"ES";"HELDER SALOMAO";83967;1,81758644403447;3,55871428255592;0,434934667490432;0,0911878324146675;0,0911878324146675;0,911878324146675;0,0927728064637528;0,01
"ES";"LELO COIMBRA";94759;27,2552205309344;34,1249958466153;0,0179345628786352;0,516642576580352;0,418453506533748;4,18453506533748;0,461736522799975;0,01
"ES";"MANATO";67631;22,3083094010321;28,8164399282424;0,0227794548923015;0,461461966988074;0,34928363269294;3,4928363269294;0,243203585443901;0,02
"ES";"MARCUS VICENTE";45525;14,3596346577196;11,9725371878438;0,0583729080246942;0,132524498927205;0,103441049146778;1,03441049146778;0,352539411187544;0,01
"ES";"MAX FILHO";91210;2,56362757389652;7,39979833908149;0,272663515943462;0,107924987854874;0,107924987854874;1,07924987854874;0,114141013843593;0,01
"ES";"SERGIO VIDIGAL";161744;2,702966058671;7,8979981904252;0,248364504676069;0,114974866043307;0,114974866043307;1,14974866043307;0,100051573027438;0,01
"DF";"AUGUSTO CARVALHO";39461;NA;16,3236606789293;NA;NA;0,357057173900276;2,85645739120221;NA;NA
"DF";"ÉRIKA KOKAY";92558;NA;18,5056808532726;NA;NA;0,418881776002819;3,35105420802255;NA;NA
"DF";"FRAGA";155056;NA;18,970440025406;NA;NA;0,460896664121689;3,68717331297351;NA;NA
"DF";"IZALCI";71937;NA;18,281906862645;NA;NA;0,45384316086216;3,63074528689728;NA;NA
"DF";"LAERTE BESSA";32843;NA;16,8703270825046;NA;NA;0,398447318963998;3,18757855171199;NA;NA
"DF";"ROGÉRIO ROSSO";93653;NA;19,2186235079336;NA;NA;0,469048423092735;3,75238738474188;NA;NA
"DF";"RONALDO FONSECA";84583;NA;18,5730836208899;NA;NA;0,452797762377401;3,62238209901921;NA;NA
"DF";"RÔNEY NEMER";82594;NA;12,8846030130247;NA;NA;0,355682151876432;2,84545721501146;NA;NA
"GO";"ALEXANDRE BALDY";107544;10,883196637255;34,0609584418745;0,0651649715081663;0,384108579418333;0,209724504475222;3,56531657607878;0,0166844932145737;0,08
"GO";"CÉLIO SILVEIRA";110992;10,3273404791373;14,8661929090199;0,11814239075495;0,060655114896317;0,060655114896317;1,03113695323739;0,416863916147604;0,01
"GO";"DANIEL VILELA";179214;7,95421305579688;15,3363681737107;0,0980823517172221;0,297859774835014;0,0983575213794143;1,67207786345004;0,0629528297965232;0,03
"GO";"DELEGADO WALDIR";274625;2,24702267713093;15,0864469566914;0,196382386405404;0,220735615432905;0,165825581934683;2,8190348928896;0,080861558605148;0,01
"GO";"FÁBIO SOUSA";82204;5,63352344978994;31,9992081714419;0,0351492057875524;0,285024867853569;0,277152909593748;4,71159946309372;0,0748551355001844;0,03
"GO";"FLAVIA MORAIS";159122;35,6044048445009;31,5397431248109;0,0543206051572833;0,417468361511708;0,203518428624994;3,4598132866249;0,0485699007082945;0,06
"GO";"GIUSEPPE VECCI";120283;27,8612603621843;58,5018038655871;0,0128883401825728;0,463093003683353;0,351788690340254;5,98040773578432;0,0564725857489799;0,03
"GO";"HEULER CRUVINEL";90877;8,21174202820183;11,7302306742592;0,129139432920418;0,272098965807454;0,058712352562325;0,998109993559525;0,1476875804976;0,01
"GO";"JOAO CAMPOS";107344;9,34759224549415;45,8343402071579;0,00923888087611524;0,363974239545039;0,339897016247045;5,77824927619977;0,0919636044693065;0,02
"GO";"JOVAIR ARANTES";92945;18,0145702164578;33,1399142331523;0,0396442098214876;0,28225677674237;0,185913539109643;3,16053016486394;0,0331642970242395;0,06
"GO";"LUCAS VERGÍLIO";78387;18,0445838959979;44,3459162124321;0,0101046867834901;0,387191435558677;0,322344528558819;5,47985698549993;0,0785652922881518;0,04
"GO";"MAGDA MOFATTO";118458;23,7331059482125;20,5440569313164;0,0669508177673899;0,359663127064872;0,133837807139324;2,27524272136851;0,0516341482144633;0,03
"GO";"MARCOS ABRÃO";92347;23,0074136377257;57,5355453088802;0,00908018508525467;0,426969733341972;0,360297968119154;6,12506545802561;0,0959069580528792;0,01
"GO";"PEDRO CHAVES";77925;23,3969670872911;16,5142264572893;0,0767756389217291;0,280759429938934;0,061878060240149;1,05192702408253;0,121124354155306;0,01
"GO";"ROBERTO BALESTRA";85534;50,6541314639974;47,4338456821652;0,0473616353079076;0,301429118208254;0,134239672502742;2,28207443254662;0,104572333526304;0,03
"GO";"RUBENS OTONI";115874;4,16357890091932;13,7325197520526;0,211939499660793;0,279972694399271;0,0735243663185123;1,24991422741471;0,00782827896780183;0,09
"GO";"THIAGO PEIXOTO";79666;24,1260671747045;33,843409048802;0,0245497836739393;0,343261355174981;0,26303344971496;4,47156864515433;0,110683470010328;0,03
"MA";"ALUISIO MENDES";50658;19,0342066155501;29,782646848776;0,0206741982603627;0,208593346812036;0,127264506686752;2,29076112036154;0,125553163607579;0,01
"MA";"ANDRE FUFUCA";56879;24,0982384957027;20,1145913909912;0,0386839148079883;0,194382982959662;0,0778220500186833;1,4007969003363;0,130728359414738;0,01
"MA";"CLEBER VERDE";105243;38,0798800784966;44,8669800497677;0,0139288053904765;0,244325965214163;0,191075988287425;3,43936778917365;0,0633085853165455;0,05
"MA";"ELIZIANE GAMA";133575;2,74891175839482;17,2132145255215;0,199792809212619;0,15819684966154;0,131648944903816;2,36968100826869;0,0448647929523902;0,01
"MA";"HILDO ROCHA";125521;50,1338221402182;33,3662816121899;0,0360549024343995;0,264278546636851;0,112919332766209;2,03254798979176;0,16191197852999;0,01
"MA";"JOÃO CASTELO";52783;2,02027954753203;12,2889570162662;0,300121089253255;0,15819684966154;0,121952644334054;2,19514759801297;0,0134146196397667;0,04
"MA";"JOÃO MARCELO";83847;33,0891171341205;33,8322312058355;0,0188983546066333;0,231374865665224;0,120398180548014;2,16716724986425;0,115446914517948;0,01
"MA";"JULIAO AMIN";64896;48,1040741652563;40,1877611410994;0,0214253383480936;0,250977977911197;0,137689818625152;2,47841673525273;0,268730587244315;0,01
"MA";"JUNIOR MARRECA";50962;11,7160287823435;10,9596393575914;0,0732061988911708;0,199837605717883;0,0623700508717899;1,12266091569222;0,0908675642806414;0,01
"MA";"JUSCELINO FILHO";83955;15,294264060899;18,6704269810124;0,0683517582683215;0,197230240732759;0,0599842583320402;1,07971664997672;0,19329909928604;0,01
"MA";"PEDRO FERNANDES";85507;16,3203345222491;27,4854961935254;0,020394474713101;0,183640694527645;0,143279597118383;2,57903274813089;0,0994353758006632;0,01
"MA";"RUBENS PEREIRA JÚNIOR";118115;22,5184904176579;33,2064973593127;0,0359427006375947;0,242002738372719;0,0940884402440538;1,69359192439297;0,343047591123926;0,01
"MA";"SARNEY FILHO";91669;34,2020063904782;37,8852307970817;0,0327676143980744;0,230059603333473;0,0755510188702981;1,35991833966537;0,0200921251931336;0,25
"MA";"VICTOR MENDES";85034;16,1192906680388;21,6063847995645;0,0568790339479985;0,198995906958931;0,0478478955284185;0,861262119511533;0,0767996037894404;0,01
"MA";"WALDIR MARANHÃO";66274;23,8355663776352;28,820390126959;0,0269866365951423;0,197440751839206;0,105879136206216;1,90582445171189;-0,0105259367346955;0,51
"MA";"WEVERTON ROCHA";81161;24,5286553546274;40,9455773381312;0,0132111243213795;0,228174682046998;0,186269836523781;3,35285705742806;0,0531103186454712;0,06
"MA";"ZÉ CARLOS";90531;38,8521637471455;37,2813769248763;0,0236971656272774;0,282616172576244;0,140033439810242;2,52060191658436;0,00902841676492635;0,36
"MA";"ZÉ REINALDO";86728;13,7552738709179;23,3189669880756;0,0529085329292557;0,246860740162582;0,120128560411676;2,16231408741016;0,0145184752047511;0,17
"MG";"ADELMO LEAO";57921;8,032517910945;25,4837825393546;0,111930754459953;0,164380719540642;0,0412997418873967;2,18888632003202;0,0946531472201294;0,01
"MG";"AELTON FREITAS";91103;21,1156176810058;29,3985724343003;0,0541830091538763;0,149535901979323;0,0386724626978978;2,04964052298858;0,139905665644698;0,01
"MG";"BILAC PINTO";123377;31,646264339516;20,2248786981345;0,0436500715930767;0,0216246946127621;0,0216246946127621;1,14610881447639;0,384663883967254;0,01
"MG";"BONIFÁCIO ANDRADA";83628;29,0661775031311;27,783950961147;0,0354596941720751;0,171288811784842;0,0337735424229457;1,78999774841612;0,117888534470316;0,01
"MG";"BRUNNY";45381;30,9214567568168;41,7485098231893;0,0331506865010514;0,158916207435575;0,0449508015983655;2,38239248471337;0,0989422195396538;0,01
"MG";"CAIO NARCIO";101040;24,9484015267312;24,0671646039691;0,0299303835589149;0,168228469337051;0,0400748500669437;2,12396705354801;0,275906025443428;0,01
"MG";"CARLOS MELLES";107906;27,2037633337449;23,5734402725978;0,0492329512580156;0,0256126292288368;0,0256126292288368;1,35746934912835;0,28219978385276;0,01
"MG";"DÂMINA PEREIRA";52679;11,9934267516826;10,3950058915947;0,0921151274863446;0,142026740362186;0,0256142467459872;1,35755507753732;0,0666008245462843;0,01
"MG";"DELEGADO EDSON MOREIRA";49391;2,86765202960533;32,3407790353631;0,224025072507656;0,116765220189375;0,0756360724440643;4,00871183953541;0,101814021041752;0,01
"MG";"DIEGO ANDRADE";114240;23,255706572937;24,4627619022184;0,0325890675727301;0,164247112624052;0,0430769618973343;2,28307898055872;0,211639567625432;0,01
"MG";"DIMAS FABIANO";129096;53,9287406137545;35,446468846438;0,0269080329580002;0,176296321377796;0,0404350172190089;2,14305591260747;0,338343619363072;0,01
"MG";"DOMINGOS SÁVIO";143901;31,2554705867697;34,2684960191058;0,0311203655982356;0,149815948115226;0,0415351445499592;2,20136266114784;0,220568066299628;0,01
"MG";"EDUARDO BARBOSA";130453;52,8767416478344;40,8787544936493;0,0235779630820108;0,222511158711646;0,114620176779528;6,074869369315;0,106431311777889;0,01
"MG";"EROS BIONDINI";179073;17,3128684953637;101,08183805001;0,0154058265241878;0,254857727504865;0,199343029234358;10,565180549421;0,0820241443809773;0,01
"MG";"FABINHO RAMALHO";83567;20,8293941091384;13,7711266938428;0,0566772069595687;0,132318833765821;0,0164004377217069;0,869223199250463;0,316790967590585;0,01
"MG";"GABRIEL GUIMARÃES";200014;33,3950825449027;51,0226904480235;0,0153407054771892;0,212976434284807;0,103935936831427;5,50860465206561;0,156870183588826;0,01
"MG";"GEORGE HILTON";146792;15,2827354973832;105,887092929199;0,0166393283258911;0,257883455085647;0,216871954754378;11,494213601982;0,225009495628225;0,01
"MG";"JAIMINHO MARTINS";158907;15,0080993093735;17,1350662329007;0,0759301993419283;0,0201830554942113;0,0201830554942113;1,0697019411932;0,263336039678433;0,01
"MG";"JÔ MORAES";67650;4,28052629811483;42,0079576531761;0,134828245328069;0,144423469440571;0,097925890108904;5,19007217577191;0,205732490609879;0,01
"MG";"JULIO DELGADO";86245;4,18464159263586;20,3291475565269;0,224975448436247;0,0250386263095415;0,0250386263095415;1,3270471944057;0,0345180034627487;0,01
"MG";"LAUDÍVIO CARVALHO";78762;3,59932174022337;41,4145737765924;0,167132342209469;0,116765220189375;0,102627149788127;5,43923893877072;0,182222091797594;0,01
"MG";"LEONARDO MONTEIRO";115336;17,6450586529788;25,4766093789427;0,0658457026094559;0,0660715857016676;0,0357245916092701;1,89340335529132;0,0955129108279918;0,01
"MG";"LEONARDO QUINTÃO";118470;12,3737468632404;67,9207492103657;0,0316112657590805;0,186043587558146;0,143174961869729;7,58827297909563;0,183941656706205;0,01
"MG";"LINCOLN PORTELA";98834;13,6942106906315;79,6741247433023;0,0230781405965483;0,215151455679166;0,16094457394167;8,53006241890851;0,166351999750764;0,01
"MG";"LUIS TIBE";114948;5,76702192736686;45,877418447918;0,090932655657747;0,147407788582314;0,0925940144101354;4,90748276373717;0,0954321546825858;0,01
"MG";"LUIZ FERNANDO";117542;40,7502940905934;31,3276278250391;0,0335644358679966;0,19032030290273;0,0456532353793691;2,41962147510656;0,233109026089384;0,01
"MG";"MARCELO ALVARO ANTONIO";60384;1,82313799214354;5,24830495794375;0,390243427790878;0,116765220189375;0,0141517653797827;0,750043565128482;0,0546974545921112;0,01
"MG";"MARCELO ARO";87113;3,99120032098978;39,8298821589074;0,146648634372775;0,133843181927976;0,0956458379342706;5,06922941051634;0,0821783766884894;0,01
"MG";"MARCOS MONTES";116175;4,61190956230232;14,2725076173544;0,218866622693181;0,0182137822813289;0,0182137822813289;0,96533046091043;0,0560124779885082;0,01
"MG";"MARCUS PESTANA";131687;35,966332462255;59,3913496818326;0,0244625172530602;0,171057398997917;0,0702521126930655;3,72336197273247;0,0744091901074279;0,01
"MG";"MARGARIDA SALOMÃO";78973;2,16331310817094;12,3204818216162;0,439645067604418;0,024269550821959;0,0210002251583887;1,1130119333946;0,027158101425449;0,01
"MG";"MARIO HERINGER";90738;27,0913379314528;32,8343164238615;0,0190892315027072;0,195632876230174;0,0675135483236495;3,57821806115343;0,148067630742302;0,01
"MG";"MAURO LOPES";129795;45,9177477129323;30,8432835447764;0,0320341898358144;0,14349523026543;0,0278210793109608;1,47451720348092;0,248653297800169;0,01
"MG";"MIGUEL CORREA";93450;8,64967460438395;25,5409408216609;0,0578193787500863;0,142256751300913;0,0477750943767319;2,53208000196679;0,316798275811356;0,01
"MG";"MISAEL VARELLA";258363;30,8795552416488;18,3621186305122;0,0455079552478545;0,0363686869383955;0,0354999723943763;1,88149853690194;0,282456598417005;0,01
"MG";"NEWTON CARDOSO JR";128489;19,6564957713001;35,2113533410551;0,0488806142552051;0,189439618731797;0,0541689240017149;2,87095297209089;0,0936307067869712;0,01
"MG";"ODAIR CUNHA";201782;51,6092326696242;37,3130689351775;0,0323451383824542;0,0534806165371506;0,0534806165371506;2,83447267646898;0,317798804778955;0,01
"MG";"ODELMO LEÃO";179652;1,36336629191152;6,62181224983891;0,69524320890665;0,0328175897872995;0,0208033194039956;1,10257592841177;0,0146763253064974;0,01
"MG";"PADRE JOÃO";112722;65,9101609739806;57,4772602823901;0,0182725232014018;0,287106490427746;0,0898882317216234;4,76407628124604;0,27230847404546;0,01
"MG";"PATRUS ANANIAS";147175;3,27916641943332;48,312223114903;0,187544237702873;0,116765220189372;0,1037401094218;5,49822579935539;0,0795496712529365;0,01
"MG";"PAULO ABI-ACKEL";104849;66,1637733092244;46,6213547854844;0,0185861676591014;0,148783109497714;0,037088697739101;1,96570098017235;0,176738983464345;0,01
"MG";"RAQUEL MUNIZ";96073;26,8364040655389;28,8423227109408;0,0427746488840742;0,169447322426812;0,0454461931841692;2,40864823876097;0,194868346177204;0,01
"MG";"REGINALDO LOPES";310226;102,796849799983;78,9287956715735;0,0194354429964365;0,26708863735179;0,103941328555258;5,50889041342869;0,159413974083138;0,01
"MG";"RENZO BRAZ";109510;58,606646351875;35,3379977542808;0,0300707435304434;0,0588930445899862;0,0351401287457378;1,8624268235241;0,193270728024275;0,01
"MG";"RODRIGO DE CASTRO";292848;58,6520939474238;67,2873777312485;0,0113609143743164;0,172695189029525;0,0962322418183845;5,10030881637438;0,0794181976832576;0,01
"MG";"RODRIGO PACHECO";92743;49,3020209384832;49,7207658545628;0,0189486050433756;0,178745889349749;0,0467587544341512;2,47821398501002;0,215910418397457;0,01
"MG";"SARAIVA FELIPE";111317;64,5218424316556;39,0937807577456;0,026063935909827;0,162282799797097;0,0303934707518394;1,61085394984749;0,237086356970048;0,01
"MG";"STEFANO AGUIAR";144153;16,6191408628591;92,6498164928294;0,0154995081930257;0,232921714757964;0,187228257118804;9,9230976272966;0,3066451687761;0,01
"MG";"SUB-TENENTE GONZAGA";93997;15,669956166423;117,1659265863;0,0163368600151173;0,278415894284258;0,233815986072962;12,392247261867;0,120809179845163;0,01
"MG";"TENENTE LÚCIO";67459;3,85941004217797;16,4757212779281;0,240251391093297;0,0328175897872995;0,0328175897872995;1,73933225872688;0,0814331196642515;0,01
"MG";"TONINHO PINHEIRO";148239;22,2616735277765;26,1576995461681;0,0409491264129773;0,18926805407942;0,0534922626606331;2,83508992101356;0,305457906104952;0,01
"MG";"WELITON PRADO";186098;8,19465373780585;32,7476447808074;0,0798741748291623;0,177241059227867;0,0677177868224561;3,58904270159017;0,100521043743334;0,02
"MG";"ZÉ SILVA";109925;88,2200692865434;47,9522582681594;0,0214259477148948;0,188558395388483;0,0454571923007876;2,40923119194174;0,290716248760913;0,01
"MS";"DAGOBERTO NOGUEIRA";54813;11,105828658564;30,6264858491295;0,0162890793879592;0,413537145051911;0,413537145051911;3,30829716041529;-0,0292006731580103;0,58
"MS";"GERALDO RESENDE";87546;8,30248154229293;11,3592453829044;0,151679033939722;0,457850779367768;0,13946863495032;1,11574907960256;0,122274667868019;0,01
"MS";"MANDETTA";57374;4,16688093344528;19,0456846477384;0,0297736028073193;0,339134626275633;0,339134626275633;2,71307701020506;-0,0218781313054656;0,69
"MS";"MARCIO MONTEIRO";56441;15,2173598415427;32,9028774739919;0,0270261030236049;0,448254630090928;0,441586379395361;3,53269103516289;0,026689259769875;0,13
"MS";"MARUN";91816;11,916044111965;36,4799535503584;0,0118850214939865;0,454961204066356;0,430028078189711;3,44022462551769;-0,0212808414496522;0,58
"MS";"TEREZA CRISTINA";75149;10,0970663204323;28,7760269181149;0,00890377133109091;0,497563065215151;0,441944914969159;3,53555931975327;0,0110389699006382;0,24
"MS";"VANDER LOUBET";69504;21,4716231438812;38,1108606539982;0,027218173091916;0,605077749418551;0,547976062427772;4,38380849942217;-0,0444964831806166;0,72
"MS";"ZECA DO PT";160556;10,9761489313764;32,7970120861857;0,0067040904913502;0,545837623411606;0,474064933262137;3,7925194660971;-0,0116236091739599;0,42
"MT";"ADILTON SACHETTI";112722;5,20561755364303;12,6634362827316;0,161620117740858;0,279675561725153;0,0981233252001519;0,784986601601215;0,0158314159972703;0,05
"MT";"CARLOS BEZERRA";95739;38,4423823708111;32,8143409401929;0,0239273730319763;0,43431038887195;0,371831224374673;2,97464979499738;0,170369399406732;0,01
"MT";"EZEQUIEL FONSECA";90888;26,4319559919021;15,5777935075958;0,0395688624988762;0,376518603809685;0,213458180289933;1,70766544231946;0,2835276922562;0,01
"MT";"FABIO GARCIA";104976;4,93181383873883;20,7242926529133;0,062847514277438;0,279641850349961;0,263014650963659;2,10411720770927;0,1257843066289;0,01
"MT";"NILSON LEITÃO";127749;13,6531831667436;15,8162411485218;0,0726153057089651;0,347466889810999;0,178203573255942;1,42562858604754;0,0613101975733248;0,02
"MT";"PROFESSOR VICTÓRIO GALLI";64691;12,6940685973535;34,3176610381229;0,00626804280321043;0,428778726773799;0,37832628266164;3,02661026129312;0,162988992640998;0,01
"MT";"SÁGUAS MORAES";97858;34,4803763345347;31,5502252551546;0,0267895398654038;0,429532363294755;0,328082099934001;2,62465679947201;0,164194505943239;0,01
"MT";"VALTENIR PEREIRA";62923;9,12574920504611;28,6363073097065;0,0194142573963397;0,361606938849813;0,293351892069661;2,34681513655729;0,126620884861324;0,02
"PA";"BETO FARO";142970;37,2450315768319;30,2591686768368;0,0482027538763416;0,303492028629899;0,119019184594671;2,02332613810941;0,507849141504787;0,01
"PA";"BETO SALAME";93524;8,23024519332352;13,6522328269023;0,134714425171162;0,273023000694356;0,0793613752600977;1,34914337942166;0,0916321624285743;0,01
"PA";"CHAPADINHA";63671;6,78932482786563;9,55584907617518;0,141501067503389;0,250821616786263;0,0550520424026328;0,935884720844758;0,155007591876623;0,01
"PA";"DELEGADO EDER MAURO";265983;4,33090316581438;21,8434474166915;0,0785265332256078;0,256010986157487;0,196200830253343;3,33541411430683;0,176818996900504;0,01
"PA";"EDMILSON RODRIGUES";170604;1,68627110931599;15,9723609799827;0,326299109284412;0,199008855044264;0,137974138374794;2,3455603523715;0,0478870006513571;0,01
"PA";"ELCIONE";87632;13,4747148274209;30,2987234017436;0,0183001285554156;0,289511674222224;0,21042970014562;3,57730490247554;0,224188747562367;0,01
"PA";"HÉLIO LEITE";85194;4,24319067417193;4,22481208951129;0,23946923651589;0,225103266906203;0,0344718717076704;0,586021819030397;0,0487897403192059;0,01
"PA";"JOAQUIM PASSARINHO";76148;8,93186073998986;24,6318159329147;0,026296103493014;0,274033935375678;0,210152300812981;3,57258911382067;0,179002704143883;0,01
"PA";"JORDY";70950;3,39791833335123;27,4837113543362;0,116484099493019;0,199008855044264;0,19893049688226;3,38181844699843;0,0629413641045204;0,01
"PA";"JOSUÉ BENGTSON";122995;13,0105518056455;49,1704651791415;0,00726846010930247;0,364164410294775;0,325334795256413;5,53069151935903;0,155399641987668;0,01
"PA";"JULIA MARINHO";86949;42,0428729408414;44,717408565442;0,0227509044187;0,437883711911928;0,28846985384201;4,90398751531416;0,183080230419577;0,01
"PA";"LUCIO VALE";148163;27,95522880039;27,304307791363;0,0421965076905443;0,35557818600283;0,130533830707478;2,21907512202712;0,205386134163614;0,01
"PA";"NILSON PINTO";193573;47,5278569937133;52,6514831363365;0,0223879765425541;0,389098892576108;0,260614385185846;4,43044454815939;0,193790144776802;0,01
"PA";"PRIANTE";122348;26,7331080901768;36,7895559083518;0,0228360462261324;0,298220011416269;0,143927356836206;2,44676506621551;0,150990482361878;0,01
"PA";"SIMONE MORGADO";76510;29,2998930478692;20,685739069148;0,0529985876344531;0,283110899105573;0,0925638676216067;1,57358574956731;0,156410680193395;0,01
"PA";"WLAD";141213;24,6252512918395;41,157311223416;0,0136327524205259;0,406493546604803;0,26010648702629;4,42181027944693;0,228896600218301;0,01
"PA";"ZÉ GERALDO";105151;42,2061253870727;35,1904148407902;0,0367445350382715;0,341713081008614;0,136008034857372;2,31213659257533;0,357906496161951;0,01
"PB";"AGUINALDO RIBEIRO";161999;34,5018302083578;42,4667088842703;0,0120082983942669;0,386615735497814;0,364187936238658;4,3702552348639;0,226867197214096;0,01
"PB";"BENJAMIN MARANHÃO";63433;23,1529754695338;16,6937298894264;0,0274250626247844;0,237709744223715;0,213032228082603;2,55638673699123;0,198128032333074;0,01
"PB";"DR. DAMIÃO";67558;10,9685039058985;23,055612658072;0,0235832377550224;0,339153420652503;0,241839206998768;2,90207048398522;0,301689825237704;0,01
"PB";"EFRAIM FILHO";103477;26,4856032517659;30,9195944220783;0,0186810690782162;0,260359751668253;0,251050131068991;3,01260157282789;0,178787606392327;0,01
"PB";"HUGO";123686;13,610929023715;12,6478968869693;0,0865625904978775;0,237906009321464;0,0808025663353469;0,969630796024163;0,0675475461973065;0,01
"PB";"LUIZ COUTO";69922;9,34455388136404;22,1529272151454;0,0326895468302912;0,28974932209584;0,189888174012697;2,27865808815236;0,0669494260240698;0,03
"PB";"MANOEL JUNIOR";105693;16,4410195331334;25,0447462823467;0,0263372536076391;0,239090931650116;0,239090931650116;2,86909117980139;0,234200345298784;0,01
"PB";"PEDRO CUNHA LIMA";179886;10,7913214692328;29,1423455186697;0,0207395281407923;0,341467431273377;0,320656563149988;3,84787875779985;0,0583856012152408;0,03
"PB";"RÔMULO GOUVEIA";84820;9,89317324176342;22,6628279558899;0,0549114195311896;0,294764233731428;0,175431670419014;2,10518004502817;0,0470701745353296;0,03
"PB";"VENEZIANO";177680;7,31417611778679;18,9161295812125;0,077118536058929;0,298906104070133;0,235496122072378;2,82595346486854;0,0244630922660183;0,06
"PB";"WELLINGTON ROBERTO";104799;50,5828812617127;34,0515345829368;0,0331138401058932;0,383565166780215;0,191785967271104;2,30143160725324;0,126321607362149;0,01
"PB";"WILSON FILHO";95746;54,1473510208959;35,3078269809596;0,0338264943696434;0,273046485501197;0,152151697129115;1,82582036554938;0,124447509330659;0,01
"PE";"ADALBERTO CAVALCANTI";99912;5,08776493927715;9,13993674352693;0,212105764735646;0,0367126672893942;0,0367126672893942;0,917816682234854;0,268924060853303;0,01
"PE";"ANDERSON FERREIRA";150565;6,50415034764268;36,7718410398868;0,0354368185611969;0,302169188939023;0,21526334615842;5,38158365396049;0,401289495016536;0,01
"PE";"ANDRE DE PAULA";100875;22,9813165317069;30,7700063464902;0,0415093085434947;0,226354256702413;0,0567504620203638;1,4187615505091;0,101582640939851;0,03
"PE";"BETINHO";97269;5,33712068432842;12,5808660568656;0,148764557395951;0,0887069411672678;0,06631514935167;1,65787873379175;0,333645652607446;0,01
"PE";"BRUNO ARAÚJO";131768;24,0310780136075;24,3041176179368;0,0680764728012468;0,0642573393487806;0,0642573393487806;1,60643348371952;0,276487422024311;0,01
"PE";"DANIEL COELHO";138825;4,18783303250411;29,5778226063042;0,0825624687777667;0,221454455363299;0,177165404864492;4,42913512161229;0,366067298888755;0,01
"PE";"DANILO CABRAL";113588;15,6284792635023;24,8331118737983;0,0281874411558216;0,258082117202415;0,0627231241706818;1,56807810426705;0,207539551423659;0,01
"PE";"EDUARDO DA FONTE";283567;17,7613204196719;48,0189454613475;0,0110788606680484;0,380383163883485;0,242967615345251;6,07419038363128;0,543957419473421;0,01
"PE";"FELIPE CARRERAS";187348;3,25932006473181;29,3803176496309;0,128009432685628;0,189555130878121;0,169925410744641;4,24813526861603;0,17259672642986;0,01
"PE";"FERNANDO FILHO";112684;8,33943899673933;16,6424777507876;0,116191385543281;0,231139990898846;0,0482981109657761;1,2074527741444;0,156442239153671;0,01
"PE";"GONZAGA PATRIOTA";101452;20,1164214677039;27,2640763537835;0,0499441224548842;0,241492976636579;0,0574438255649419;1,43609563912355;0,133771393016561;0,01
"PE";"JARBAS";227470;6,94065291771672;39,9923767726188;0,0354489514533788;0,26835930035913;0,240437068479277;6,01092671198193;0,26480948096167;0,01
"PE";"JOAO FERNANDO COUTINHO";120059;19,0411334014827;39,4024637965814;0,0267314728293229;0,320020575678221;0,103670564404707;2,59176411011768;0,261083629154268;0,01
"PE";"JORGE CÔRTE REAL";86023;23,0961820872244;28,6393450779565;0,0424991455037867;0,245959758758891;0,0826451564935802;2,0661289123395;0,129261174567602;0,03
"PE";"KAIO MANIÇOBA";28585;12,4617727278682;10,686484432806;0,064477575412646;0,208999582722534;0,0383393955216409;0,958484888041022;0,2555108266527;0,01
"PE";"LUCIANA SANTOS";85053;6,47695174579662;18,9063994172825;0,0966108937093184;0,237552695508297;0,0765165299273676;1,91291324818419;0,365760875867844;0,01
"PE";"MARINALDO ROSENDO";97380;23,4012270473014;22,5437133202382;0,0516256025909372;0,238094938252381;0,0575605566960924;1,43901391740231;0,405488341199725;0,01
"PE";"MENDONÇA FILHO";88250;8,27852657177254;24,1700237788546;0,0384840287153431;0,309821616910224;0,207650878014274;5,19127195035685;0,19806284980945;0,01
"PE";"PASTOR EURICO";233762;15,1449792872591;58,1399632824329;0,00546074794807146;0,390667128101761;0,289540914866919;7,23852287167297;0,480990385426794;0,01
"PE";"RICARDO TEOBALDO";92262;19,0645592747493;21,4013334950717;0,079824813978809;0,21971269126529;0,032803627480444;0,820090687011099;0,24674136269717;0,01
"PE";"SEBASTIAO OLIVEIRA";115926;23,6095270236888;20,6412916248068;0,0707311135033457;0,239677831765253;0,051801740165704;1,2950435041426;0,234708217235467;0,01
"PE";"SILVIO COSTA";103461;37,3966663859518;28,4820224241258;0,0448044207241014;0,282789157179437;0,040361604951336;1,0090401237834;0,174726005262782;0,01
"PE";"TADEU ALENCAR";102669;16,5121718295033;40,3431630214512;0,0150632885298418;0,327915426600217;0,150807902939761;3,77019757349402;0,239660985234055;0,01
"PE";"WOLNEY QUEIROZ";86739;3,38792602895435;8,54560369965232;0,27893476283417;0,0308066048508309;0,0308066048508309;0,770165121270772;0,013878053710418;0,06
"PE";"ZECA CAVALCANTI";97057;17,8290361802865;16,6475828035709;0,084958953209;0,0333313393783286;0,033331339378325;0,833283484458125;0,388932678396589;0,01
"PI";"ASSIS CARVALHO";94093;40,0123211432281;33,3190328096384;0,0320364423425471;0,40486696815135;0,331525433124385;3,31525433124385;0,135329649348111;0,01
"PI";"ATILA LIRA";129276;37,7654181104165;47,1533813258111;0,0177360041649565;0,452904829487293;0,450917399118223;4,50917399118223;0,131543116149901;0,01
"PI";"CAPITÃO FABIO ABREU";80839;1,65353111681498;7,31504761291174;0,291397796637075;0,239924735917434;0,161007057110119;1,61007057110119;0,0200566975573733;0,01
"PI";"HERACLITO";90898;15,0556133895299;35,6311910064936;0,00547667623018686;0,385867007836964;0,373360999875904;3,73360999875904;0,0215029547822993;0,07
"PI";"IRACEMA PORTELLA";121121;29,8225706987019;45,9449476876925;0,0134686968652976;0,374286367613515;0,364167795816885;3,64167795816885;0,0323032294429343;0,07
"PI";"JÚLIO CÉSAR";99750;29,7446301728674;39,6285938318716;0,0218466547159385;0,339405232327776;0,339405232327776;3,39405232327776;0,0568935465572227;0,07
"PI";"MARCELO CASTRO";111132;49,2866158498566;42,5221923709281;0,0284580740511826;0,397833795387272;0,390271481098623;3,90271481098623;0,0712173376881806;0,05
"PI";"PAES LANDIM";82549;32,1039200822894;23,8029305510671;0,0563664900232635;0,363571881671357;0,124411881243004;1,24411881243004;0,0192794268252152;0,17
"PI";"REJANE DIAS";134157;10,8425058101196;33,7384197060197;0,00510784441646907;0,381608048494561;0,375844185459066;3,75844185459066;0,0525810176634499;0,01
"PI";"RODRIGO";92349;11,624262966855;33,1252580151666;0,00636282278864539;0,376238521880946;0,367545482548724;3,67545482548724;0,0366024055919496;0,02
"PR";"ALEX CANZIANI";187475;27,1434851343305;43,4181269837988;0,0464519094886277;0,259744535508768;0,095994980932091;2,87984942796273;0,276884252717202;0,01
"PR";"ALFREDO KAEFER";82554;54,4154065935365;70,5568208707533;0,0261807222932063;0,370869504234365;0,167061798221339;5,01185394664018;0,0460916136492007;0,02
"PR";"ALIEL MACHADO";82886;1,82811647309135;8,10089631164861;0,527891945145614;0,0306557389478153;0,0205258648794135;0,615775946382406;0,0338053286061816;0,01
"PR";"ASSIS DO COUTO";76116;38,1392531042538;20,4693474598045;0,05113622344905;0,0422748432488986;0,0422748432488986;1,26824529746696;0,33105476561264;0,01
"PR";"CHRISTIANE YARED";200144;2,0213827794562;18,3146162258091;0,301159469659428;0,156673768167585;0,118754217305928;3,56262651917784;0,0714278793227179;0,01
"PR";"DELEGADO FRANCISCHINI";159569;7,53382121931585;46,1081908060738;0,0452235442232571;0,243967262333488;0,211171596018105;6,33514788054316;0,100116210060942;0,01
"PR";"DIEGO GARCIA";61063;38,9419346380527;58,6436182173327;0,0160937018609875;0,384752496266026;0,244348241430814;7,33044724292441;0,191001173036449;0,01
"PR";"DILCEU SPERAFICO";151930;9,98596234614064;14,7115045314861;0,120894419233689;0,0291011167805184;0,0291011167805184;0,873033503415552;0,205247252532413;0,01
"PR";"EDMAR ARRUDA";85155;17,3797742190175;36,1172151474312;0,0596771235592667;0,311245517335497;0,0849029924865619;2,54708977459686;0,260231659828855;0,01
"PR";"ENIO VERRI";107508;7,37839795033677;21,3873313962704;0,131121924777455;0,0576042290575227;0,0480882810071499;1,4426484302145;0,182629193291676;0,01
"PR";"EVANDRO ROMAN";92042;17,1592114219081;40,0225312685055;0,0530498620735538;0,254131822558511;0,144624403890916;4,33873211672747;0,0822995160843236;0,02
"PR";"GIACOBO";144305;43,0238337351242;41,3955364940309;0,0431395079544057;0,109518601636125;0,0919308248102677;2,75792474430803;0,211386910092449;0,01
"PR";"HERMES FRANGÃO PARCIANELLO";150213;10,9561009424266;23,8786391756208;0,10548044405231;0,0425911885789674;0,0425911885789674;1,27773565736902;0,0821371173835884;0,01
"PR";"JOAO ARRUDA";176370;78,9599978409502;60,6524978901937;0,0264853326722683;0,254205364792224;0,119946245934328;3,59838737802983;0,31701977824553;0,01
"PR";"LEANDRE";81181;29,315202814898;21,7167920121094;0,0415768898199016;0,190194242477084;0,0430464680773639;1,29139404232092;0,229721588137981;0,01
"PR";"LEOPOLDO MEYER";59974;1,70826551309304;4,88713236448125;0,563905444108033;0,0230884705489895;0,0146502573978182;0,439507721934547;0,026087161099822;0,01
"PR";"LUCIANO DUCCI";156263;3,79561540782766;26,7480107232968;0,131187807643873;0,156673768167586;0,151245858510809;4,53737575532426;0,0904881806960697;0,01
"PR";"LUIZ CARLOS HAULY";86439;4,85036641880122;20,9413609046885;0,179278913186203;0,0535577003267704;0,0459767849155028;1,37930354746508;0,179385061726188;0,01
"PR";"LUIZ NISHIMORI";106852;16,6481513906305;33,1502556811865;0,0617372816588186;0,261402837062253;0,0735384428758792;2,20615328627638;0,234029747929875;0,01
"PR";"MARCELO BELINATI";137817;2,06784705158709;10,6825940836385;0,451758523896725;0,0445239467159979;0,0305729091639684;0,917187274919051;0,0623070128443239;0,01
"PR";"NELSON MEURER";106478;25,7195638193676;17,554478306896;0,0596623020705925;0,198803611909295;0,0428902856016435;1,28670856804931;0,281753938711361;0,01
"PR";"OSMAR SERRAGLIO";117048;13,5362622765352;22,2191752984551;0,0755489747292709;0,200389129396424;0,0473826167388189;1,42147850216457;0,106747066565833;0,01
"PR";"RICARDO BARROS";114396;5,81833416244519;17,0618282847284;0,163031966566769;0,0448649324851971;0,0448649324851971;1,34594797455591;0,214429209173009;0,01
"PR";"RUBENS BUENO";95841;6,6514535661375;30,7069390712671;0,0661249972259894;0,165336777940364;0,165336777940361;4,96010333821083;0,0621625737836641;0,01
"PR";"SANDRO ALEX";116909;6,34393880001853;18,7199424479305;0,160782015896306;0,0450520102807488;0,0450520102807488;1,35156030842246;0,159151355336046;0,01
"PR";"SERGIO SOUZA";77699;37,3269831412733;32,4875751033755;0,0379359248955198;0,204018286996671;0,0493193552544788;1,47958065763437;0,171956541565358;0,01
"PR";"TAKAYAMA";162952;11,9429292353945;50,0535005346641;0,0184446064580163;0,27955829169731;0,215229307717387;6,4568792315216;0,251256754381241;0,01
"PR";"TONINHO WANDSCHEER";71822;19,4228620444449;15,667938257142;0,0495966628140032;0,211338771920513;0,0868933713427893;2,60680114028368;0,384960117026908;0,01
"PR";"VALDIR ROSSONI";177324;29,9164580342687;39,9305495812305;0,0162370622666808;0,266427401684648;0,210640499783921;6,31921499351762;0,23737913464021;0,01
"PR";"ZECA DIRCEU";155583;52,9718531809255;38,7888933091975;0,0428406022003012;0,129283266488244;0,0951528465393459;2,85458539618038;0,255990291507416;0,01
"RJ";"ALESSANDRO MOLON";87003;2,01345177299921;129,340146560696;0,110537615565515;0,373532959102116;0,204267919716866;9,39632430697583;0,0316952076373422;0,01
"RJ";"ALEXANDRE SERFIOTIS";48879;7,03280254952844;9,74402764016278;0,255631767127268;0,021727786484224;0,018009206325259;0,828423490961916;0,63262142699975;0,01
"RJ";"ALEXANDRE VALLE";26526;2,363364207366;2,44562112630235;0,472289460915799;0,00805391008901468;0,00805391008901468;0,370479864094675;0,085832391169517;0,02
"RJ";"ALTINEU CORTES";40593;3,69693566969754;9,6152902691293;0,334763591341242;0,0664017439638052;0,0263390010461864;1,21159404812457;0,283235681588621;0,01
"RJ";"AROLDE DE OLIVEIRA";55380;4,59894402732034;145,048433434331;0,00945242832202471;0,425336690847891;0,305796995809887;14,0666618072548;0,109133806623272;0,01
"RJ";"AUREO";58117;6,12299254261995;39,6446926669391;0,200561528912105;0,456586240575354;0,0755563673410231;3,47559289768706;0,0858412160319751;0,03
"RJ";"BENEDITA DA SILVA";48163;8,10417579948211;110,828533665139;0,0087743503801122;0,505910683445199;0,282128269826188;12,9779004120047;0,121846478644461;0,01
"RJ";"CABO DACIOLO";49831;4,70110472683572;161,554344347455;0,0079426078166385;0,457270372307229;0,316395457806038;14,5541910590777;0,0642460853186783;0,01
"RJ";"CELSO PANSERA";58534;3,17705702756225;23,2407164499351;0,264067053996984;0,0513588977949855;0,0420209163777159;1,93296215337493;0,180114800089717;0,01
"RJ";"CHICO ALENCAR";195964;1,90272514793125;107,575612609471;0,126353272238239;0,373532959102116;0,158807133051544;7,30512812037104;0,00510790448410721;0,05
"RJ";"CHICO D'ANGELO";52809;6,09862041488181;40,7427304884161;0,209605985262294;0,115431796883366;0,0590250437700224;2,71515201342103;0,180459991663057;0,01
"RJ";"CLARISSA GAROTINHO";335061;6,88580482274041;102,318870540249;0,0178360163304408;0,452613247604267;0,228469627122072;10,5096028476153;0,0454655500780263;0,15
"RJ";"CRISTIANE BRASIL";81817;1,71038808994337;99,9356494861056;0,161140672704225;0,373532959102116;0,164998645297686;7,58993768369356;-0,0058498618695936;0,27
"RJ";"DELEY";48874;2,86395016646744;9,39921177457734;0,427583990364348;0,0207664987626863;0,0207664987626863;0,955258943083571;0,15405449590629;0,01
"RJ";"DR JOÃO";65624;1,65984466252763;8,1404674802179;0,656664682964155;0,0297665815422032;0,0169628788963934;0,780292429234095;0,06043654300449;0,01
"RJ";"EDUARDO CUNHA";232708;10,421747325267;77,6827174932801;0,0262680617954209;0,512984517970359;0,195923998798708;9,01250394474058;0,168784750954057;0,02
"RJ";"EZEQUIEL TEIXEIRA";35701;3,33961886227635;89,2713352240154;0,0329447347676906;0,373532959102118;0,170096507354241;7,8244393382951;0,147685539527703;0,01
"RJ";"FABIANO HORTA";37989;4,26225664119406;5,89890776301541;0,184092976016861;0,382254897058164;0,0322773718379565;1,484759104546;0,162582967999429;0,02
"RJ";"FELIPE BORNIER";105517;2,94497838378479;19,9776229212851;0,384622193389033;0,0471466070428121;0,0401548457235634;1,84712290328392;0,0653613928581748;0,01
"RJ";"FERNANDO JORDÃO";47188;2,06306781684673;4,09640247935014;0,587363002735103;0,0109689921495075;0,0109689921495075;0,504573638877346;0,0519394461322711;0,01
"RJ";"FRANCISCO FLORIANO";47157;8,45842589048287;181,062352765595;0,00351830938178055;0,555775877145027;0,409367731188638;18,8309156346774;0,111285153641288;0,04
"RJ";"GLAUBER";82236;4,12325602433409;11,0713807577634;0,327662629241037;0,385662277092141;0,0139138804861574;0,64003850236324;0,0571454387885918;0,02
"RJ";"HUGO LEAL";85449;10,8669857117906;54,5293230978021;0,0894703932097584;0,454614788489863;0,0945367497258829;4,34869048739061;0,0139108653681978;0,21
"RJ";"INDIO DA COSTA";91523;2,93109805247383;127,472270998607;0,0457596344932929;0,373532959102118;0,236572837639422;10,8823505314134;0,0178770717366569;0,05
"RJ";"JAIR BOLSONARO";464572;3,05315189661627;174,123239830597;0,0375369500327137;0,373532959102118;0,337457476614787;15,5230439242802;0,0485611931600811;0,01
"RJ";"JANDIRA FEGHALI";68531;2,54740891330299;165,751359054092;0,0621347381251498;0,373532959102118;0,301987725464702;13,8914353713763;0,02868122118102;0,02
"RJ";"JEAN WYLLYS";144770;2,11137657642016;119,898474738364;0,100628597240191;0,373532959102118;0,175309074132304;8,06421741008599;0,00941513259837295;0,04
"RJ";"JÚLIO LOPES";96796;10,2035114583257;103,827343077407;0,0156264525469327;0,547654161309307;0,180836796370585;8,3184926330469;-0,0184003499607736;0,47
"RJ";"LEONARDO PICCIANI";180741;7,53650191124002;55,3135597708427;0,0206569184983814;0,402808655290556;0,164424274118293;7,56351660944147;0,0271843497918684;0,09
"RJ";"LUIZ CARLOS RAMOS DO CHAPEU";33221;1,67608743457799;38,6622797434512;0,165025692439344;0,373532959102118;0,0815183288821686;3,74984312857976;0,0244841397452872;0,01
"RJ";"LUIZ SÉRGIO";48903;13,3782262799757;41,7307974783292;0,0703024401076079;0,451966691557026;0,0641137237983749;2,94923129472524;0,156019935332144;0,01
"RJ";"MARCELO MATOS";47370;5,01269135803462;27,4350572617992;0,208006882906026;0,403299540644319;0,0425989603683874;1,95955217694582;0,180535139335558;0,01
"RJ";"MARCO ANTÔNIO CABRAL";119584;10,1931460213736;95,0699864740499;0,0160365396999016;0,493585858885503;0,191287074557785;8,7992054296581;-0,0138003479587244;0,51
"RJ";"MARCOS SOARES";44440;4,76335603248561;157,432075649781;0,00635098663898628;0,424891856897105;0,358102913867206;16,4727340378915;0,10870840655286;0,01
"RJ";"MIRO TEIXEIRA";58409;1,73610171171771;78,3458021764013;0,153361948858364;0,373532959102114;0,107988138514706;4,96745437167648;-0,00284548856440032;0,15
"RJ";"OTAVIO LEITE";106398;1,41492098228087;87,8367597363383;0,224897044658735;0,373532959102114;0,153493846487223;7,06071693841224;-0,00140955146654504;0,04
"RJ";"PAULO FEIJÓ";48058;5,44060183225045;14,1125758786446;0,294469744664526;0,0348952387087209;0,0267246462305764;1,22933372660651;0,347276966673611;0,01
"RJ";"PEDRO PAULO";162403;1,34722895942028;89,8149327868844;0,244924019529368;0,373532959102114;0,162989335003616;7,49750941016632;-0,00867712315188646;0,18
"RJ";"ROBERTO SALES";124087;2,73452395474462;101,166471296036;0,0568211386534253;0,373532959102114;0,200458366847734;9,22108487499575;-0,00660879976539458;0,23
"RJ";"RODRIGO MAIA";53167;1,80811244262132;119,762273067043;0,140917512526548;0,373532959102114;0,218203837070703;10,0373765052524;0,0129851547722385;0,02
"RJ";"ROSANGELA GOMES";101686;6,33078626034457;87,349993865251;0,023131408951995;0,472038463939917;0,199443823362643;9,17441587468156;0,339125399893326;0,01
"RJ";"SERGIO ZVEITER";57587;6,03765570317691;71,3136666057165;0,0557046794253023;0,405227342780371;0,129581019815383;5,96072691150762;0,0430989967134577;0,08
"RJ";"SIMÃO SESSIM";58825;3,07646536489116;12,1555218184425;0,377573013382918;0,0123636716020812;0,0123636716020812;0,568728893695734;0,17172947196365;0,01
"RJ";"SORAYA SANTOS";48204;12,4148660108994;30,0184888392163;0,128964227211133;0,497532294605797;0,0800323941954915;3,68149013299261;0,367134327894777;0,01
"RJ";"SÓSTENES CAVALCANTE";104697;4,56864516516261;156,528861465085;0,00800858393448141;0,424891856897105;0,347816640829855;15,9995654781733;0,106210016346621;0,01
"RJ";"WASHINGTON REIS";103190;2,2890371066732;15,898924699805;0,472253911745195;0,0513588977949837;0,0371838239220352;1,71045590041362;0,0656717757938139;0,01
"RN";"BETINHO ROSADO SEGUNDO";64445;13,7002523485184;18,2383840746083;0,0642941031733169;0,307306139632244;0,157092647420558;1,25674117936446;0,153890327072913;0,01
"RN";"DRA ZENAIDE MAIA";134588;17,0061385206635;20,6119915702112;0,0279335381430477;0,3631668918607;0,341721897197144;2,73377517757715;0,350453902123723;0,01
"RN";"FABIO FARIA";166427;34,7822320067249;32,4059792549875;0,0208452052051718;0,425527839425745;0,339719611035587;2,7177568882847;0,0978826077866039;0,01
"RN";"FELIPE MAIA";113722;20,6396770212444;31,9433957506891;0,00816375038374393;0,400552316788405;0,400552316788405;3,20441853430724;0,0797786398519523;0,03
"RN";"JÁCOME";71555;8,01215049823669;21,9365650421448;0,0197839824213325;0,340416208182639;0,340416208182639;2,72332966546112;0,182506706162361;0,01
"RN";"RAFAEL MOTTA";176239;29,1716828092195;36,0726432890488;0,0112631285488757;0,425669777123364;0,425669777123364;3,40535821698691;0,181671653279168;0,01
"RN";"ROGERIO MARINHO";81534;4,86084334421704;17,1872258577387;0,0626179632407917;0,249145445488001;0,249145445488001;1,99316356390401;0,0872741895084536;0,01
"RN";"WALTER ALVES";191064;39,2867822380055;43,2660826173803;0,0148849970035574;0,424180809334264;0,424180809334264;3,39344647467411;0,141014525840551;0,01
"RO";"EXPEDITO NETTO";25691;14,0080364366966;26,9037813279961;0,0131032212639494;0,499566757184273;0,40398070517354;3,23184564138832;-0,026656146943754;0,6
"RO";"LINDOMAR GARÇON";24146;2,0443298097101;7,55589834310462;0,199721400321322;0,274933731394853;0,128227726460474;1,02582181168379;0,0725464262621791;0,01
"RO";"LUCIO MOSQUINI";40595;9,81264807024694;12,4268316882341;0,103408311682389;0,406017351307287;0,139451549686608;1,11561239749286;-0,00482212576083355;0,35
"RO";"LUIZ CLAUDIO";33737;10,0427364415181;13,7239326015664;0,08481230138872;0,327036241233919;0,109814231959013;0,878513855672107;0,106395947069425;0,03
"RO";"MARCOS ROGERIO";60780;3,35213619579162;6,38910916678077;0,279718574090282;0,0767663080153973;0,0767663080153973;0,614130464123178;-0,013937719503584;0,28
"RO";"MARIANA CARVALHO";60324;1,59244674229366;9,54265606901428;0,278058058399582;0,274933731394853;0,167315406168514;1,33852324934811;-0,0148399040351686;0,27
"RO";"MARINHA RAUPP";61419;27,2626146829685;26,1909922301081;0,0425064635154956;0,471827069982886;0,267231187004335;2,13784949603468;0,0654347832099916;0,11
"RO";"NILTON CAPIXABA";42353;5,38154994853755;8,58910441282366;0,192150552810022;0,330575065728739;0,0768148959947306;0,614519167957845;0,0225405692199713;0,04
"RR";"ABEL GALINHA";8834;1,83707171550706;3,19199144260019;0,0126185215960298;0,641099848868285;0,641099848868285;5,12879879094628;-0,119668940613688;0,87
"RR";"CARLOS ANDRADE";6733;2,26940282491869;3,21135865751854;0,00134533545636381;0,641099848868285;0,445448542088631;3,56358833670905;-0,108131524181483;0,89
"RR";"DR. HIRAN GONÇALVES";9048;1,57668069674753;2,91710057542202;0,0265883377529913;0,641099848868285;0,641099848868285;5,12879879094628;-0,112462139878276;0,87
"RR";"EDIO LOPES";15290;8,50308223141581;6,91878258789183;0,208357839608731;0,726526940003811;0,570094534882175;4,5607562790574;-0,155208847916216;0,65
"RR";"JOHNATHAN DE JESUS";20677;3,48059388734368;5,0028760623474;0,0185464992305606;0,641099848868285;0,641099848868285;5,12879879094628;-0,152637348211005;0,95
"RR";"MARIA HELENA";7481;1,41286841287644;2,76503386372663;0,044713747915132;0,641099848868285;0,641099848868285;5,12879879094628;-0,115363916243171;0,88
"RR";"REMIDIO DA AMATUR";15492;3,09160565177752;4,64174909504078;0,0144921806099315;0,641099848868286;0,641099848868285;5,12879879094628;-0,148779286378729;0,93
"RR";"SHÉRIDAN";35555;2,02096534686954;2,97932539239215;0,00438555978973753;0,641099848868286;0,445448542088632;3,56358833670905;-0,135540170325202;0,92
"RS";"AFONSO HAMM";132202;15,0145912287209;21,3444334762699;0,0683527898192705;0,17563134014487;0,067597552820188;2,09552413742583;0,160406142218077;0,01
"RS";"AFONSO MOTTA";90917;23,0481181940856;32,1403427693951;0,0261944254565138;0,222598877039885;0,175730952003989;5,44765951212366;0,123195291258373;0,01
"RS";"ALCEU MOREIRA";152421;69,2126838101708;38,7571336808193;0,0242630978519979;0,289935039616618;0,14695584886118;4,55563131469659;0,409752341804028;0,01
"RS";"BOHN GASS";100841;45,4567779367158;32,1378952762106;0,0222534786200474;0,225020099600953;0,111793407912562;3,46559564528944;0,204359659172743;0,01
"RS";"BUSATO";130807;30,9306705781914;58,1233694597662;0,0266999134149946;0,300215601507483;0,205865175348682;6,38182043580916;0,180241963586802;0,01
"RS";"CARLOS GOMES";92323;14,9565445298529;69,5398850843917;0,01527980493339;0,276783547610924;0,255323008721673;7,91501327037186;0,292971943005436;0,01
"RS";"COVATTI FILHO";115131;130,868697768432;52,9881228211475;0,0184708241814105;0,351965598281005;0,135558107251071;4,20230132478319;0,233157821398229;0,01
"RS";"DANRLEI DE DEUS GOLEIRO";158973;19,853405454521;87,2233375511411;0,00923766542137492;0,349325156920488;0,307850632380798;9,54336960380473;0,242208051923318;0,01
"RS";"GIOVANI  CHERINI";115294;71,4489244686435;45,8360067663481;0,020892624813372;0,251132403246983;0,141472288726064;4,38564095050798;0,214699884559969;0,01
"RS";"GIOVANI FELTES";151406;13,3531281129011;17,0077389348683;0,0755540433087963;0,0650285484316306;0,0568240212907618;1,76154466001362;0,375381445563283;0,01
"RS";"HEITOR SCHUCH";101243;28,5207331958475;26,9990174867317;0,041502830248658;0,255764354696018;0,0857529047854229;2,65834004834811;0,210688855785983;0,01
"RS";"HENRIQUE FONTANA";128981;13,3657257400547;41,4504977255694;0,0315506547644206;0,154308949089433;0,125461318333871;3,88930086835;0,212571477019985;0,01
"RS";"JERÔNIMO GOERGEN";115173;98,5139149024731;57,2970925462373;0,0160981750080118;0,389203346885758;0,210218831621967;6,51678378028098;0,173376486975285;0,01
"RS";"JOÃO DERLY";106991;5,56118506336844;42,1327865008824;0,0894012399438376;0,166899851727385;0,161868725748011;5,01793049818835;0,143241826974537;0,01
"RS";"JOSÉ OTAVIO GERMANO";81503;8,59139915964175;8,2437651067455;0,122126879875211;0,151130458270902;0,0372853732527254;1,15584657083449;0,0317515833116014;0,01
"RS";"JOSE STEDILE";60523;7,46668195715528;14,5672440837915;0,121637284134866;0,166928753708406;0,0555559695951153;1,72223505744858;0,184757878908871;0,01
"RS";"LUIZ CARLOS HEINZE";162462;58,3531108625166;41,7471598072472;0,0266927179797677;0,236770299960757;0,124120739025471;3,84774290978962;0,325088266682133;0,01
"RS";"MÁRCIO BIOLCHI";119190;36,6247758042623;30,0570183588538;0,0302972746645424;0,294367949120879;0,152152570467663;4,71672968449757;0,0869373482487413;0,01
"RS";"MARCO MAIA";133639;14,3182199850357;39,2382999058729;0,050938616403246;0,223912917422314;0,149573386765038;4,63677498971618;0,208716304273494;0,01
"RS";"MARCON";116178;85,5648446913105;73,8893031864266;0,0103610183889626;0,375069187525323;0,239510353180389;7,42482094859206;0,309476075289755;0,01
"RS";"MARIA DO ROSÁRIO";127919;6,8251303883563;46,7259126698708;0,0688885912594533;0,206731689458937;0,169775507952316;5,2630407465218;0,109145187137607;0,01
"RS";"NELSON MARCHEZAN JUNIOR";119375;16,840759230766;56,0555235195547;0,0183427739219238;0,261509850394983;0,223992170653293;6,94375729025209;0,150779104178349;0,01
"RS";"ONYX LORENZONI";148302;12,0117449575799;61,4144346502027;0,0260705200174742;0,297204342277254;0,239859721781169;7,43565137521624;0,128007485042928;0,01
"RS";"OSMAR TERRA";120755;17,6423444444289;14,7774861998352;0,0494309292105848;0,186102945948026;0,0614661520538675;1,90545071366989;0,161133603346552;0,01
"RS";"PAULO PIMENTA";140868;15,575734686145;34,5507594575914;0,0530356634485317;0,214404165666156;0,133817808091937;4,14835205085005;0,097080976716452;0,01
"RS";"PEPE VARGAS";109469;2,78309666934156;7,98773420412148;0,324758480958758;0,0386506737524392;0,0386506737524392;1,19817088632562;0,0398072428722823;0,01
"RS";"PERONDI";109864;12,6366859707797;9,00428154644252;0,08675815127306;0,0280105639467223;0,0280105639467223;0,868327482348391;0,0845066500712096;0,01
"RS";"POMPEO DE MATTOS";91849;69,306744578628;69,377760869506;0,00876369533886773;0,378461080392405;0,284821570257353;8,82946867797795;0,155527968776681;0,01
"RS";"RENATO MOLLING";102770;24,6871574892663;15,7450804923818;0,0480252788778467;0,0725957778022988;0,0638659253460006;1,97984368572602;0,568870913435657;0,01
"RS";"RONALDO NOGUEIRA";77017;30,5266589943343;40,5292825999511;0,014869799623617;0,380810502434581;0,320120704852062;9,92374185041393;0,169388337422963;0,01
"RS";"SÉRGIO MORAES";115155;14,2821170237842;10,9719403380613;0,0798861723641247;0,0308656797700486;0,0308656797700486;0,956836072871507;0,355447528800088;0,01
"SC";"CARMEN ZANOTTO";78607;2,39280366763716;5,38541570552775;0,395148367515624;0,0261563108279345;0,0219616053041082;0,351385684865731;0,0406289995887242;0,01
"SC";"CELSO MALDANER";110436;62,1132527257673;30,5115210223183;0,0232133051127689;0,222553814034084;0,150080644106729;2,40129030570766;0,238570534504946;0,01
"SC";"CESAR SOUZA";110777;9,35886604784858;19,3029824432234;0,0700796946301696;0,108536729666985;0,102225216010431;1,63560345616689;0,465349964853798;0,01
"SC";"DÉCIO LIMA";112366;10,155413613416;20,4415006145118;0,0763441797731631;0,104876568429802;0,104876568429802;1,67802509487683;0,125367395434082;0,01
"SC";"ESPERIDIÃO AMIN";229668;30,4107693216348;50,141125328684;0,012523374368039;0,380899163450949;0,298304097651928;4,77286556243085;0,317091375201827;0,01
"SC";"GEOVANIA DE SÁ";52757;3,95766650269461;7,91005329824472;0,229623798853813;0,0378595137241691;0,0378595137241691;0,605752219586705;0,12768566353297;0,01
"SC";"JOÃO PAULO KLEINUBING";132349;7,65260789841062;18,6471804082797;0,103067827706029;0,165825461084315;0,09227618589256;1,47641897428096;0,0732073106711054;0,01
"SC";"JOÃO RODRIGUES";221409;33,2531233491555;36,9214344573684;0,0284577288185078;0,4335508188638;0,228399674553109;3,65439479284974;0,0264958734286541;0,05
"SC";"JORGE BOEIRA";123770;15,2753942865718;12,4792415376403;0,0633300938103644;0,0733585487696704;0,0733585487696704;1,17373678031473;0,366359137491432;0,01
"SC";"JORGINHO MELLO";140839;46,1704918912793;39,4341671839716;0,0140929611803597;0,381634640255841;0,241900107195903;3,87040171513445;0,252763805895472;0,01
"SC";"MARCO TEBALDI";135042;7,93417962915438;28,732034951188;0,0838399198657289;0,166156521328668;0,123799627541278;1,98079404066044;0,0929058040895056;0,01
"SC";"MAURO MARIANI";195942;14,8251826214582;18,8295324027537;0,0453732375967098;0,131635995752989;0,119524549010153;1,91239278416245;0,372090739780613;0,01
"SC";"PEDRO UCZAI";135439;16,3566279156238;19,4789856037066;0,0561046772014853;0,154879104006818;0,097483527520259;1,55973644032414;0,0614213918667356;0,01
"SC";"PENINHA";137784;47,9194288521364;22,8183485390065;0,0213953689014996;0,263279327137596;0,086719285471208;1,38750856753933;0,470878719490177;0,01
"SC";"RONALDO BENEDET";105303;28,4166091582569;24,7917753510194;0,03211926102516;0,189406965214117;0,100854409719265;1,61367055550824;0,325971401173208;0,01
"SC";"VALDIR COLATTO";115431;39,3018777425252;27,2628591029023;0,0292518369941343;0,192249681936582;0,112667647089779;1,80268235343647;0,16327872189632;0,01
"SE";"ADELSON BARRETO";131236;7,1562279619577;15,6049204506019;0,0117336997007236;0,404120450246379;0,360185813359389;2,88148650687511;0,217307113145202;0,01
"SE";"ANDRE MOURA";71523;39,7945257687108;27,9232313468866;0,0457179216492812;0,546791527551264;0,378575218795641;3,02860175036513;0,163539832760579;0,01
"SE";"FÁBIO MITIDIERI";83401;20,7770890541461;20,3901227532722;0,0326381518072958;0,385784415859002;0,340414918850346;2,72331935080277;0,00359751797129723;0,32
"SE";"FÁBIO REIS";80895;13,2948901912231;13,0771472593002;0,0717442192313722;0,372427284511824;0,124494129697807;0,995953037582456;0,018696233637807;0,12
"SE";"JOÃO DANIEL";52959;25,2014925266514;23,5527423279951;0,0262968013900472;0,49371709854451;0,49371709854451;3,94973678835608;0,2621344819983;0,02
"SE";"LAÉRCIO OLIVEIRA";84198;9,93681092656298;21,7567226870898;0,00381502155271991;0,444223661643973;0,444223661643973;3,55378929315178;0,115724156201148;0,01
"SE";"PASTOR JONY";53455;10,354992456634;17,3941582926178;0,0162031240281993;0,370951369737178;0,324981448428685;2,59985158742948;0,147884334977272;0,01
"SE";"VALADARES FILHO";68199;13,4096873736968;21,0905434544689;0,0205099337805223;0,39068326232589;0,39068326232589;3,12546609860712;0,0904805538843612;0,03
"SP";"ALEX MANENTE";164760;3,26900858339004;18,3283923947665;0,325186928393573;0,018719284503899;0,018719284503899;1,31034991527293;0,181145175411451;0,01
"SP";"ALEXANDRE LEITE";109708;3,0463947937612;20,2342408508147;0,105317692706795;0,25533675149825;0,0428374127935647;2,99861889554953;0,0195023121864827;0,01
"SP";"ANA PERUGINI";121681;5,50440898349922;5,87108521010023;0,234379564142152;0,0101377816980408;0,00909470467219764;0,636629327053835;0,260251378689295;0,01
"SP";"ANDRES SANCHEZ";169834;3,96367086825918;129,426987946462;0,0603612966162902;0,282844224725162;0,200241060165578;14,0168742115905;0,0743325545732591;0,01
"SP";"ANTONIO BULHÕES";137939;5,79122822619306;67,0429421569115;0,0304654029404965;0,29934155697204;0,116217414919148;8,13521904434034;0,153440587929976;0,01
"SP";"ARLINDO CHINAGLIA";135772;46,5548594508405;154,452943087796;0,0227284586355009;0,459875117034197;0,198716817066238;13,9101771946367;0,183054307236046;0,01
"SP";"ARNALDO FARIA DE SÁ";112940;3,12625469081634;46,8020931854031;0,0970923484774045;0,25533675149825;0,157237176599065;11,0066023619345;0,050234316410506;0,01
"SP";"ARNALDO JARDIM";155278;49,1747724308777;59,4078780949059;0,049802266325482;0,327208187614606;0,0509613438087051;3,56729406660936;0,0868950917218273;0,01
"SP";"BALEIA ROSSI";208352;21,5184867492913;49,2047638379083;0,0883974530567016;0,285853859004865;0,0333229920465765;2,33260944326036;0,157511054650902;0,01
"SP";"BETO MANSUR";31301;6,61687204354164;16,497413520569;0,184263832950726;0,0250490538246932;0,0218896220652063;1,53227354456444;0,288673388948676;0,01
"SP";"BRUNA FURLAN";178606;7,4033427608015;15,240483015151;0,143311465829597;0,280594850668376;0,0308528279347087;2,15969795542961;0,45671073613994;0,01
"SP";"BRUNO COVAS";352708;5,82914197937521;132,965805342399;0,0272806647569366;0,294428545684587;0,195698951003431;13,6989265702402;0,0628593932112325;0,01
"SP";"CAPITÃO AUGUSTO";46905;5,77222850677264;5,84331126334627;0,204967363213833;0,263117097324372;0,00863928258280033;0,604749780796023;0,0515040144957268;0,01
"SP";"CARLOS SAMPAIO";295623;6,43054526876363;32,8955717058366;0,162671685265357;0,281627860800233;0,0306876155235063;2,14813308664544;0,11569031932408;0,01
"SP";"CELSO RUSSOMANNO";1524361;5,61279373551916;185,736168188436;0,0271058763889711;0,316827437235668;0,288877544990758;20,221428149353;0,108924703750847;0,01
"SP";"DR SINVAL MALHEIROS";59362;4,23948962106117;3,81952722671004;0,298220155472048;0,00324662574229606;0,00324662574229606;0,227263801960724;0,13338423765914;0,01
"SP";"DUARTE NOGUEIRA";254051;15,3136216805514;52,2297015680528;0,0816344932604169;0,281712485627803;0,0327470818197817;2,29229572738472;0,10811114608128;0,01
"SP";"EDINHO ARAUJO";112780;3,49687791382703;10,0297218587145;0,336733544265138;0,0103605641592246;0,0102242416364966;0,715696914554762;0,050001339456251;0,01
"SP";"EDUARDO BOLSONARO";82224;7,96148695585629;200,424060327979;0,00896423382191566;0,386677577362114;0,309684294339831;21,6779006037882;0,0874480847473383;0,01
"SP";"EDUARDO CURY";185638;1,87095870295529;6,79880787777769;0,565912385968572;0,0164973322468782;0,0139137582824453;0,973963079771174;0,0691556450796718;0,01
"SP";"ELI CORRÊA FILHO";134138;3,27855273997538;84,5184962588934;0,0909336833259861;0,255336751498252;0,147606409822099;10,332448687547;0,126305336144153;0,01
"SP";"EVANDRO GUSSI";109591;61,0967399954313;49,7264970662383;0,065573867054456;0,382331825064437;0,0636101863754348;4,45271304628044;0,186081805257742;0,01
"SP";"FAUSTO PINATO";22097;2,68566266055394;2,6626123922667;0,423665378722994;0,00166979360822594;0,00166979360822594;0,116885552575816;0,0176505570008637;0,02
"SP";"FLAVINHO";90437;12,0867844230374;157,610512660513;0,00635141270223967;0,373849575541474;0,252180570506614;17,652639935463;0,123127277051254;0,01
"SP";"FLORIANO PESARO";113949;1,91919683133415;39,5583969852302;0,220010019791652;0,255336751498252;0,0615269160694218;4,30688412485953;0,0132474529327108;0,01
"SP";"GILBERTO NASCIMENTO";120044;6,57456908443783;179,17756769409;0,0176067477505265;0,365966987823306;0,27996860597165;19,5978024180155;0,106916335656495;0,01
"SP";"GOULART";92546;1,29580273425275;7,40271059094727;0,392117015417404;0,255336751498252;0,017294976300068;1,21064834100476;0,00630705089257415;0,01
"SP";"GUILHERME MUSSI";156297;23,7956482146484;16,2783980632539;0,0900181412792225;0,277253008887129;0,020025306703392;1,40177146923744;0,252914248996747;0,01
"SP";"HERCULANO PASSOS";92583;17,0882951279641;16,4854940748861;0,098340110110805;0,28926297070791;0,0272444231897815;1,9071096232847;0,129325075052733;0,01
"SP";"IVAN VALENTE";168928;3,80393783229312;131,974144292658;0,0647545631206229;0,255336751498252;0,223075397313302;15,6152778119311;0,0633417305354587;0,01
"SP";"JEFFERSON CAMPOS";161790;46,5391153860699;139,410780874301;0,0348455995432658;0,43215566228444;0,209107948929599;14,6375564250719;0,121675914973244;0,01
"SP";"JORGE TADEU";178771;8,98383460252452;179,324710722901;0,00717793120600136;0,360772680253373;0,277190038367973;19,4033026857581;0,128812264624131;0,01
"SP";"JOSÉ MENTOR";82368;9,44744868407762;64,876816955868;0,0151151539088958;0,273740606657249;0,0855683367241795;5,98978357069257;0,100501565345729;0,01
"SP";"LUIZ LAURO FILHO";105247;5,70868730526601;26,5967741468045;0,210433245678933;0,030905626696395;0,0286926402668328;2,0084848186783;0,119980204076851;0,01
"SP";"LUIZA ERUNDINA";177279;1,73523273644928;78,7220941019703;0,254638664925286;0,255336751498248;0,137301475738496;9,61110330169475;0,0246633681632305;0,01
"SP";"MAJOR OLIMPIO GOMES";179196;8,43011878019026;165,285561056895;0,00856178989355469;0,388298976474772;0,305372150787178;21,3760505551025;0,0752459300967884;0,01
"SP";"MARA GABRILLI";155143;2,02287427979993;44,069942972376;0,201354515954764;0,255336751498248;0,0739628333419944;5,17739833393961;0,0351456485042474;0,01
"SP";"MARCELO SQUASONI";30315;1,61393744764105;3,11709582142099;0,660319345911742;0,00729592898477449;0,00729592898477449;0,510715028934214;0,0138623332768266;0,03
"SP";"MARCIO ALVINO";179950;25,6219038184283;25,8982240724891;0,0581545172182329;0,284016388693686;0,0352525324923434;2,46767727446404;0,568871817598061;0,01
"SP";"MIGUEL HADDAD";168278;3,20528122636511;7,59538576160485;0,342251827182643;0,00956333955995348;0,00956333955995348;0,669433769196743;0,175631241768188;0,01
"SP";"MIGUEL LOMBARDI";32080;1,10257866703409;2,18792614142014;0,961543843069126;0,00660472136279111;0,00365669437701399;0,255968606390979;0,00290575431594361;0,01
"SP";"MILTON MONTI";115942;19,5559862805256;14,4949746539346;0,107402328886782;0,268579226219728;0,0188452255422078;1,31916578795455;0,222859569128412;0,01
"SP";"MISSIONÁRIO JOSÉ OLÍMPIO";154597;11,8076477889037;112,257257883681;0,003680984429033;0,423096453899895;0,35459412406933;24,8215886848531;0,124185255757573;0,01
"SP";"NELSON MARQUEZELLI";112711;43,4943059651438;53,8634916589594;0,0733463266255092;0,314528934638957;0,0385650649312055;2,69955454518438;0,218236429005154;0,01
"SP";"NILTO TATTO";101196;1,61263563080301;31,8877485333504;0,286032639734825;0,255336751498248;0,0718800349216338;5,03160244451436;0,0190611646756528;0,01
"SP";"ORLANDO SILVA";90641;7,8979041940399;134,144277262902;0,0124838759115387;0,320412352561291;0,197826945583245;13,8478861908271;0,108026933540973;0,01
"SP";"OTA";102963;2,25628557367508;61,1345101971465;0,16855725756522;0,255336751498248;0,117025230729801;8,1917661510861;0,0423284722646565;0,01
"SP";"PAPA";117590;2,89697459947886;7,9015708240909;0,361825541511074;0,0109353733194908;0,0109353733194908;0,765476132364356;0,176370251634573;0,01
"SP";"PASTOR MARCO FELICIANO";398087;17,180354137391;259,870882345333;0,00112556400588237;0,492537993480326;0,409102475055995;28,6371732539197;0,170736119252234;0,01
"SP";"PAULINHO DA FORÇA";227186;9,08117284672527;152,094980847933;0,00777171728281867;0,357519238384938;0,251508185879118;17,6055730115382;0,118465590964568;0,01
"SP";"PAULO FREIRE";111300;13,5818878077293;140,329049723809;0,00969385489311693;0,364836874109876;0,244904146128938;17,1432902290257;0,111954195490974;0,01
"SP";"PAULO MALUF";250296;4,34932421195624;175,537982524233;0,0495927958817417;0,28284422472516;0,267220038236367;18,7054026765457;0,0672401026505604;0,01
"SP";"PAULO TEIXEIRA";111301;4,55539987648976;101,676816685871;0,046510783980334;0,27405603600215;0,15912141602189;11,1384991215323;0,0666255095962815;0,01
"SP";"RENATA ABREU";86647;4,21655264025984;71,5947976079944;0,0555134483679474;0,259735774443271;0,124160875886886;8,69126131208205;0,0757272508278738;0,01
"SP";"RICARDO IZAR";113547;18,7061918205569;106,259607786163;0,00924831745993848;0,292821355573338;0,100547140931326;7,03829986519281;0,034256467821816;0,01
"SP";"RICARDO TRIPOLI";233806;1,86310408321948;73,3233687271573;0,229479833044547;0,255336751498248;0,119030272880465;8,33211910163257;0,0151507547896673;0,01
"SP";"ROBERTO ALVES";130516;68,1176408366563;143,288405425012;0,0693453909490076;0,200437993779182;0,186403590064124;13,0482513044887;0,175885737341521;0,01
"SP";"ROBERTO DE LUCENA";67191;19,2790529311395;117,475222499759;0,0092824513087423;0,370939666430324;0,168103287590661;11,7672301313463;0,21888753047508;0,01
"SP";"RODRIGO GARCIA";336151;37,9057646157246;72,2198729122811;0,0352693804575391;0,325499279928707;0,0751940878809449;5,26358615166615;0,0581126526977103;0,02
"SP";"SAMUEL MOREIRA";227210;29,5638335725099;35,0751980520142;0,0388537984929175;0,276065062965017;0,0366520404833821;2,56564283383675;0,19120504197198;0,01
"SP";"SERGIO REIS";45330;8,55184183725862;176,536617099509;0,00864380976169337;0,38817523756952;0,28337504365598;19,8362530559186;0,0500059100960816;0,01
"SP";"SILVIO TORRES";175310;34,7312598252368;37,6528156063506;0,0602384336676889;0,273282825139574;0,0258056438258478;1,80639506780935;0,295914822247856;0,01
"SP";"TIRIRICA";1016796;9,55042246478928;229,007915855206;0,00387393067389224;0,437103226088233;0,36973651530375;25,8815560712625;0,124659704530171;0,01
"SP";"VALMIR PRASCIDELLI";84419;4,50335517127195;20,8130689010369;0,212979361279378;0,272555701776028;0,0253639064204592;1,77547344943214;0,183648378918196;0,01
"SP";"VANDERLEI MACRIS";148449;10,4399170420131;18,6086838391448;0,109748126416279;0,26658991359092;0,0185093478188918;1,29565434732243;0,214338026689661;0,01
"SP";"VICENTE CÂNDIDO";117652;2,43303634487287;41,0328311547069;0,149798361287162;0,255336751498248;0,0824093768503502;5,76865637952451;0,0382306605902499;0,01
"SP";"VICENTINHO";89001;6,22149579231771;27,696036605107;0,162692794644913;0,284450051611188;0,0380489793191856;2,66342855234299;0,245634521389433;0,01
"SP";"VINICIUS CARVALHO";80643;2,22209757218639;54,8879520490509;0,175954894262571;0,255336751498248;0,0956087526819545;6,69261268773681;0,129162859850044;0,01
"SP";"VITOR LIPPI";176153;2,44112964305313;11,9911586432354;0,450888606603311;0,0146306574567916;0,0129674178160002;0,907719247120014;0,0981065155010092;0,01
"SP";"ZARATTINI";138286;3,91278558375513;72,4744516937441;0,0632819857680536;0,282844224725167;0,126115478704136;8,82808350928954;0,105082151436496;0,01
"TO";"CARLOS GAGUIM";44739;19,8944839445555;15,794429722885;0,0070199813460936;0,442832995972538;0,441440823736686;3,53152658989349;0,073651919587188;0,03
"TO";"CESAR HALUM";46119;8,03867847398587;7,6380573751128;0,070461514049895;0,329590069370124;0,328197897134272;2,62558317707417;0,00956181136141883;0,24
"TO";"DULCE MIRANDA";75934;11,3394072912558;10,0901800003995;0,0149999685966174;0,382623782594568;0,381231610358715;3,04985288286972;0,0443157905060869;0,04
"TO";"IRAJÁ ABREU";62859;51,0533621815179;26,0415200975123;0,0194501450190791;0,524753537816704;0,523361365580852;4,18689092464681;-0,0165707217990827;0,53
"TO";"JOSI NUNES";53452;8,10274067946244;6,92821964079286;0,0842425440805127;0,273652767799384;0,273652767799384;2,18922214239507;0,0205156219510037;0,13
"TO";"LÁZARO BOTELHO";42935;5,1301311710206;4,87052393050742;0,141941693186041;0,125247803676885;0,123855631441033;0,990845051528261;0,0605919980647893;0,01
"TO";"PROFESSORA DORINHA";41802;24,5065081382336;18,1965561102875;0,0147881332156534;0,368020879602441;0,366628707366589;2,93302965893271;-0,0558012476986868;0,86
"TO";"VICENTINHO JUNIOR";51069;28,8589369079734;14,2993142544023;0,0392337826622616;0,450650922500425;0,449258750264573;3,59407000211658;0,109878269913632;0,01
